A1C	-	-	D	R	R	K	-	-	-	-	-	-	-	-	-	-	-	-	-	-	-	-	-	-	-	-	-	-	-	-	-	-	-	-	-	-	-	-	-	-	-	-	-	-	-	-	-	-
B1Bo	-	-	R	R	M	R	R	R	M	R	R	R	R	R	M	M	R	R	M	R	M	M	R	M	M	R	R	R	M	M	R	R	R	-	M	R	M	M	M	R	M	R	M	M	M	M	R	M
B2Bo	M	R	K	N	R	N	N	M	R	N	R	R	R	N	R	I	R	M	I	R	N	R	N	L	R	R	R	N	-	R	K	D	R	R	R	D	R	N	R	R	L	R	R	R	R	R	R	R
B3Bo	-	-	-	-	L	M	M	K	-	-	-	-	-	-	-	-	-	-	-	-	-	-	-	-	-	-	-	-	-	-	-	-	-	-	-	-	-	-	-	-	-	-	-	-	-	-	-	-
B4Bo	-	-	L	N	I	N	N	L	L	N	N	R	R	M	L	H	R	K	H	R	N	R	L	I	R	R	R	M	-	R	L	M	R	R	R	D	R	L	-	-	-	R	I	N	R	N	R	R
B6C	-	-	R	R	R	N	R	R	K	R	R	R	R	R	K	L	R	R	L	R	R	R	K	K	L	R	N	R	-	R	M	D	R	R	N	M	R	K	K	M	K	D	L	N	N	N	-	R
BH1Ox	-	-	G	N	R	R	R	R	I	K	-	R	R	D	I	Q	R	L	E	N	D	N	R	G	N	N	R	R	-	N	G	K	-	-	-	-	-	-	-	-	-	-	-	-	-	-	-	-
BH2C	-	-	E	R	R	R	R	R	H	R	-	R	R	D	H	C	-	-	Q	N	D	I	H	E	N	N	K	L	-	N	E	L	-	R	N	L	I	I	-	-	-	-	-	-	-	-	-	-
G1T	-	K	C	R	R	R	L	N	E	L	N	R	R	N	R	F	N	N	R	R	L	N	N	Q	G	N	N	N	-	K	N	I	N	R	H	I	G	N	I	R	R	N	G	R	L	R	-	K
M22C	-	M	H	R	R	R	R	N	N	N	N	R	K	K	R	E	R	N	G	R	D	N	N	N	R	R	R	N	-	N	H	R	R	R	L	N	L	N	R	R	R	R	R	R	R	R	-	R
M23C	-	-	-	-	-	-	-	-	-	-	-	R	R	N	R	P	R	N	F	R	R	R	G	N	R	R	R	N	-	R	N	C	-	R	R	H	-	-	-	-	-	-	-	-	-	-	-	-
S2C	-	R	M	R	K	R	R	N	R	R	R	M	R	N	R	K	N	N	K	R	R	K	M	R	K	R	N	N	-	R	R	N	R	M	R	N	K	R	R	R	R	N	K	R	R	R	M	R
T3C	-	-	Q	R	R	R	R	I	G	N	-	N	R	N	G	D	K	I	C	M	K	H	N	R	H	N	R	N	-	R	Q	C	N	R	I	R	H	H	-	-	-	-	-	-	-	-	-	-
Y1C	-	R	I	M	R	R	K	N	N	M	M	N	M	N	R	G	M	N	R	R	R	L	I	H	I	N	M	K	-	R	I	N	M	R	K	K	R	R	L	K	I	N	H	K	K	-	-	-
